fecha,region,producto,categoria,cantidad,precio_unitario,vendedor,venta_total,mes,dia_semana
2024-01-01,Este,Tablet,Electrónica,9,150,Carlos,1350,January,Monday
2024-01-02,Oeste,Tablet,Accesorios,2,50,Carlos,100,January,Tuesday
2024-01-03,Norte,Monitor,Computación,2,150,Carlos,300,January,Wednesday
2024-01-04,Este,Tablet,Accesorios,2,800,María,1600,January,Thursday
2024-01-05,Este,Tablet,Accesorios,6,150,Ana,900,January,Friday
2024-01-06,Oeste,Monitor,Computación,3,50,Luis,150,January,Saturday
2024-01-07,Norte,Monitor,Electrónica,9,300,Carlos,2700,January,Sunday
2024-01-08,Norte,Laptop,Electrónica,4,150,Sofía,600,January,Monday
2024-01-09,Este,Teclado,Computación,1,300,Carlos,300,January,Tuesday
2024-01-10,Sur,Teclado,Electrónica,4,800,Sofía,3200,January,Wednesday
2024-01-11,Este,Tablet,Computación,1,500,María,500,January,Thursday
2024-01-12,Este,Teclado,Computación,5,800,Sofía,4000,January,Friday
2024-01-13,Este,Tablet,Accesorios,4,150,Luis,600,January,Saturday
2024-01-14,Este,Laptop,Computación,8,300,Ana,2400,January,Sunday
2024-01-15,Oeste,Monitor,Accesorios,8,300,Sofía,2400,January,Monday
2024-01-16,Norte,Monitor,Electrónica,7,50,Sofía,350,January,Tuesday
2024-01-17,Oeste,Monitor,Electrónica,3,300,Ana,900,January,Wednesday
2024-01-18,Oeste,Teclado,Electrónica,1,50,Luis,50,January,Thursday
2024-01-19,Oeste,Laptop,Electrónica,1,500,Carlos,500,January,Friday
2024-01-20,Este,Teclado,Accesorios,3,150,Sofía,450,January,Saturday
2024-01-21,Sur,Teclado,Electrónica,6,50,Ana,300,January,Sunday
2024-01-22,Norte,Laptop,Computación,7,500,María,3500,January,Monday
2024-01-23,Sur,Laptop,Computación,6,300,Ana,1800,January,Tuesday
2024-01-24,Oeste,Laptop,Computación,6,300,María,1800,January,Wednesday
2024-01-25,Oeste,Laptop,Accesorios,6,500,Luis,3000,January,Thursday
2024-01-26,Sur,Monitor,Electrónica,3,300,Carlos,900,January,Friday
2024-01-27,Sur,Celular,Electrónica,6,500,Ana,3000,January,Saturday
2024-01-28,Sur,Celular,Electrónica,8,50,Sofía,400,January,Sunday
2024-01-29,Oeste,Laptop,Accesorios,2,50,Luis,100,January,Monday
2024-01-30,Oeste,Celular,Computación,5,500,Ana,2500,January,Tuesday
2024-01-31,Norte,Celular,Computación,1,50,Sofía,50,January,Wednesday
2024-02-01,Norte,Laptop,Electrónica,1,50,Ana,50,February,Thursday
2024-02-02,Oeste,Celular,Computación,5,50,María,250,February,Friday
2024-02-03,Sur,Teclado,Computación,3,800,Ana,2400,February,Saturday
2024-02-04,Sur,Tablet,Accesorios,4,150,Ana,600,February,Sunday
2024-02-05,Norte,Tablet,Accesorios,3,300,Ana,900,February,Monday
2024-02-06,Oeste,Laptop,Accesorios,1,800,Luis,800,February,Tuesday
2024-02-07,Norte,Monitor,Accesorios,1,50,Ana,50,February,Wednesday
2024-02-08,Norte,Laptop,Electrónica,5,500,Sofía,2500,February,Thursday
2024-02-09,Este,Monitor,Accesorios,6,50,María,300,February,Friday
2024-02-10,Este,Tablet,Computación,3,150,María,450,February,Saturday
2024-02-11,Este,Laptop,Electrónica,9,50,Ana,450,February,Sunday
2024-02-12,Sur,Teclado,Computación,5,500,Luis,2500,February,Monday
2024-02-13,Oeste,Celular,Computación,8,150,Luis,1200,February,Tuesday
2024-02-14,Oeste,Monitor,Computación,1,50,Sofía,50,February,Wednesday
2024-02-15,Oeste,Celular,Accesorios,5,150,Ana,750,February,Thursday
2024-02-16,Oeste,Celular,Accesorios,3,300,María,900,February,Friday
2024-02-17,Este,Laptop,Electrónica,1,300,Luis,300,February,Saturday
2024-02-18,Sur,Celular,Electrónica,4,50,Ana,200,February,Sunday
2024-02-19,Sur,Teclado,Accesorios,5,150,Luis,750,February,Monday
2024-02-20,Este,Celular,Computación,7,500,Luis,3500,February,Tuesday
2024-02-21,Sur,Laptop,Electrónica,1,50,María,50,February,Wednesday
2024-02-22,Este,Teclado,Accesorios,3,300,Carlos,900,February,Thursday
2024-02-23,Oeste,Tablet,Accesorios,2,300,Sofía,600,February,Friday
2024-02-24,Este,Celular,Accesorios,9,50,Sofía,450,February,Saturday
2024-02-25,Oeste,Laptop,Computación,6,150,María,900,February,Sunday
2024-02-26,Oeste,Tablet,Accesorios,3,300,Luis,900,February,Monday
2024-02-27,Norte,Tablet,Accesorios,8,150,Ana,1200,February,Tuesday
2024-02-28,Este,Monitor,Accesorios,8,300,Luis,2400,February,Wednesday
2024-02-29,Norte,Teclado,Accesorios,2,300,María,600,February,Thursday
2024-03-01,Este,Celular,Electrónica,6,800,Sofía,4800,March,Friday
2024-03-02,Este,Laptop,Electrónica,7,300,Luis,2100,March,Saturday
2024-03-03,Norte,Monitor,Accesorios,2,500,Sofía,1000,March,Sunday
2024-03-04,Norte,Teclado,Computación,2,50,Ana,100,March,Monday
2024-03-05,Este,Monitor,Electrónica,1,50,Sofía,50,March,Tuesday
2024-03-06,Sur,Teclado,Accesorios,8,150,Sofía,1200,March,Wednesday
2024-03-07,Oeste,Teclado,Electrónica,1,300,Carlos,300,March,Thursday
2024-03-08,Norte,Celular,Electrónica,9,500,Carlos,4500,March,Friday
2024-03-09,Oeste,Teclado,Computación,6,150,Carlos,900,March,Saturday
2024-03-10,Sur,Monitor,Accesorios,7,800,Sofía,5600,March,Sunday
2024-03-11,Sur,Teclado,Accesorios,7,150,María,1050,March,Monday
2024-03-12,Sur,Celular,Computación,3,150,Sofía,450,March,Tuesday
2024-03-13,Norte,Celular,Computación,2,300,María,600,March,Wednesday
2024-03-14,Sur,Monitor,Accesorios,9,800,María,7200,March,Thursday
2024-03-15,Norte,Tablet,Accesorios,8,150,Carlos,1200,March,Friday
2024-03-16,Sur,Tablet,Computación,7,500,Luis,3500,March,Saturday
2024-03-17,Oeste,Teclado,Electrónica,9,500,Ana,4500,March,Sunday
2024-03-18,Oeste,Laptop,Electrónica,4,50,Carlos,200,March,Monday
2024-03-19,Este,Teclado,Computación,4,800,Carlos,3200,March,Tuesday
2024-03-20,Oeste,Monitor,Electrónica,1,800,Luis,800,March,Wednesday
2024-03-21,Este,Monitor,Computación,8,50,Ana,400,March,Thursday
2024-03-22,Oeste,Monitor,Electrónica,3,150,Sofía,450,March,Friday
2024-03-23,Norte,Monitor,Electrónica,7,800,Sofía,5600,March,Saturday
2024-03-24,Oeste,Monitor,Accesorios,2,500,Carlos,1000,March,Sunday
2024-03-25,Este,Celular,Accesorios,2,500,Ana,1000,March,Monday
2024-03-26,Este,Tablet,Electrónica,7,300,Carlos,2100,March,Tuesday
2024-03-27,Sur,Monitor,Electrónica,6,800,María,4800,March,Wednesday
2024-03-28,Norte,Laptop,Accesorios,3,150,Carlos,450,March,Thursday
2024-03-29,Oeste,Laptop,Accesorios,9,50,Carlos,450,March,Friday
2024-03-30,Sur,Laptop,Accesorios,6,50,Sofía,300,March,Saturday
2024-03-31,Oeste,Laptop,Computación,6,150,Sofía,900,March,Sunday
2024-04-01,Oeste,Celular,Electrónica,1,300,Sofía,300,April,Monday
2024-04-02,Sur,Laptop,Accesorios,4,50,María,200,April,Tuesday
2024-04-03,Sur,Monitor,Electrónica,6,800,Sofía,4800,April,Wednesday
2024-04-04,Sur,Teclado,Computación,6,300,Ana,1800,April,Thursday
2024-04-05,Sur,Laptop,Computación,5,800,Luis,4000,April,Friday
2024-04-06,Sur,Celular,Accesorios,1,500,Ana,500,April,Saturday
2024-04-07,Oeste,Celular,Computación,8,300,Ana,2400,April,Sunday
2024-04-08,Sur,Laptop,Electrónica,5,50,Sofía,250,April,Monday
2024-04-09,Norte,Teclado,Accesorios,5,300,Luis,1500,April,Tuesday
